LAT,LONG
4.8719212980,52.3651258900
4.8718037420,52.3650720500
4.8716852290,52.3650191900
4.8715520080,52.3649814200
4.8714187860,52.3649436500
4.8712855650,52.3649058800
4.8711523440,52.3648681100
4.8710191230,52.3648303400
4.8708859020,52.3647925700
4.8707526820,52.3647548000
4.8706194610,52.3647170300
4.8704862410,52.3646792600
4.8703522760,52.3646425400
4.8702160950,52.3646089600
4.8700799150,52.3645753800
4.8699437350,52.3645418000
4.8698075550,52.3645082200
4.8696713750,52.3644746300
4.8695351960,52.3644410500
4.8693990160,52.3644074700
4.8692628370,52.3643738900
4.8691266580,52.3643403000
4.8689904800,52.3643067200
4.8688543010,52.3642731400
4.8687181230,52.3642395500
4.8685816520,52.3642064300
4.8684441310,52.3641749700
4.8683066110,52.3641435000
4.8681690910,52.3641120300
4.8680315710,52.3640805700
4.8678940510,52.3640491000
4.8677565320,52.3640176300
4.8676190120,52.3639861600
4.8674814930,52.3639546900
4.8673439740,52.3639232300
4.8672445430,52.3726459200
4.8672641850,52.3718403900
4.8672932460,52.3726988200
4.8673683300,52.3727760600
4.8674434140,52.3728533000
4.8675184980,52.3729305400
4.8675935820,52.3730077700
4.8676686670,52.3730850100
4.8677437520,52.3731622500
4.8678188370,52.3732394800
4.8678939220,52.3733167200
4.8679690080,52.3733939600
4.8680440940,52.3734712000
4.8681191800,52.3735484300
4.8681942670,52.3736256700
4.8682693530,52.3737029100
4.8683444400,52.3737801400
4.8684195280,52.3738573800
4.8684946150,52.3739346200
4.8685697030,52.3740118500
4.8686447910,52.3740890900
4.8687198790,52.3741663300
4.8687949680,52.3742435600
4.8688700570,52.3743208000
4.8689451460,52.3743980300
4.8690202350,52.3744752700
4.8690953250,52.3745525100
4.8691704150,52.3746297400
4.8692407400,52.3747086100
4.8693087370,52.3747882700
4.8693767340,52.3748679300
4.8694447320,52.3749475900
4.8695127290,52.3750272400
4.8695807270,52.3751069000
4.8675239780,52.3718235400
4.8676670320,52.3718438100
4.8678100860,52.3718640800
4.8679502150,52.3718907100
4.8680895050,52.3719191500
4.8682287960,52.3719475900
4.8683680870,52.3719760400
4.8685073780,52.3720044800
4.8686466690,52.3720329200
4.8687859610,52.3720613700
4.8689252520,52.3720898100
4.8690645440,52.3721182500
4.8692038360,52.3721467000
4.8693431280,52.3721751400
4.8694824200,52.3722035800
4.8696217130,52.3722320200
4.8697610050,52.3722604700
4.8699002980,52.3722889100
4.8700395910,52.3723173500
4.8701788840,52.3723457900
4.8703181780,52.3723742300
4.8704574710,52.3724026700
4.8705967650,52.3724311100
4.8707360590,52.3724595600
4.8708753530,52.3724880000
4.8710146470,52.3725164400
4.8711537120,52.3725452900
4.8712926560,52.3725743700
4.8714316010,52.3726034400
4.8715705460,52.3726325200
4.8717094910,52.3726615900
4.8718508670,52.3726856700
4.8719931670,52.3727078500
4.8721354670,52.3727300200
4.8722777680,52.3727522000
4.8724200680,52.3727743800
4.8725623690,52.3727965600
4.8727046700,52.3728187300
4.8728469710,52.3728409100
4.8719591670,52.3651843300
4.8719033620,52.3652674600
4.8718475570,52.3653505900
4.8717917510,52.3654337200
4.8717359450,52.3655168500
4.8716800960,52.3655999700
4.8716224830,52.3656826300
4.8715648690,52.3657653000
4.8715072560,52.3658479700
4.8714496420,52.3659306300
4.8713920280,52.3660133000
4.8713344130,52.3660959600
4.8712767990,52.3661786300
4.8712191840,52.3662613000
4.8711615690,52.3663439600
4.8711039530,52.3664266300
4.8710463380,52.3665092900
4.8709887220,52.3665919600
4.8709311060,52.3666746200
4.8708734900,52.3667572900
4.8708158740,52.3668399600
4.8707582570,52.3669226200
4.8707006410,52.3670052900
4.8706430240,52.3670879500
4.8705854070,52.3671706200
4.8705277890,52.3672532800
4.8704701720,52.3673359500
4.8704125540,52.3674186100
4.8703549360,52.3675012800
4.8702973170,52.3675839500
4.8702396990,52.3676666100
4.8701820800,52.3677492800
4.8701244610,52.3678319400
4.8700668420,52.3679146100
4.8700092230,52.3679972700
4.8699516030,52.3680799400
4.8698939840,52.3681626000
4.8698363640,52.3682452700
4.8697787430,52.3683279300
4.8697211230,52.3684106000
4.8696637000,52.3684933100
4.8696086880,52.3685766400
4.8695536750,52.3686599700
4.8694986630,52.3687433000
4.8694436500,52.3688266300
4.8693886370,52.3689099500
4.8693336230,52.3689932800
4.8692786100,52.3690766100
4.8692235960,52.3691599400
4.8691685820,52.3692432700
4.8691135680,52.3693265900
4.8690585540,52.3694099200
4.8690022410,52.3694929100
4.8689431510,52.3695751900
4.8688840610,52.3696574700
4.8688249710,52.3697397400
4.8687658810,52.3698220200
4.8687067910,52.3699042900
4.8686477000,52.3699865700
4.8685886090,52.3700688500
4.8685295180,52.3701511200
4.8684704270,52.3702334000
4.8684113350,52.3703156700
4.8683522430,52.3703979500
4.8682931510,52.3704802200
4.8682340590,52.3705625000
4.8681760100,52.3706450500
4.8681197730,52.3707280700
4.8680635350,52.3708110900
4.8680072960,52.3708941100
4.8679510580,52.3709771400
4.8678948200,52.3710601600
4.8678385810,52.3711431800
4.8677823420,52.3712262000
4.8677261030,52.3713092200
4.8676698630,52.3713922400
4.8676135470,52.3714752500
4.8675553010,52.3715577500
4.8674970540,52.3716402500
4.8674388070,52.3717227500
4.8746701500,52.3659177800
4.8745372200,52.3658796300
4.8744042900,52.3658414700
4.8742713600,52.3658033100
4.8741384310,52.3657651500
4.8740055020,52.3657270000
4.8738725730,52.3656888400
4.8737396440,52.3656506800
4.8736067160,52.3656125300
4.8734737870,52.3655743700
4.8733408590,52.3655362100
4.8732079320,52.3654980500
4.8730749500,52.3654599700
4.8729414780,52.3654225300
4.8728080060,52.3653850900
4.8726745340,52.3653476500
4.8725410630,52.3653102100
4.8724075910,52.3652727700
4.8722741200,52.3652353300
4.8721406500,52.3651978900
4.8720071790,52.3651604500
4.8730430040,52.3728832800
4.8731776990,52.3729190700
4.8733123950,52.3729548600
4.8734492470,52.3729873800
4.8735867640,52.3730189000
4.8737242820,52.3730504200
4.8738617990,52.3730819300
4.8739993170,52.3731134500
4.8741368360,52.3731449600
4.8742743540,52.3731764800
4.8744118730,52.3732079900
4.8745493910,52.3732395100
4.8746869100,52.3732710300
4.8748278890,52.3732920300
4.8749746180,52.3732955700
4.8751213470,52.3732991100
4.8752680760,52.3733026500
4.8754148060,52.3733061900
4.8746648390,52.3659814700
4.8746079100,52.3660643100
4.8745509810,52.3661471500
4.8744940510,52.3662300000
4.8744371210,52.3663128400
4.8743801910,52.3663956800
4.8743232610,52.3664785300
4.8742663300,52.3665613700
4.8742094000,52.3666442100
4.8741524690,52.3667270600
4.8740955380,52.3668099000
4.8740386060,52.3668927400
4.8739816750,52.3669755900
4.8739247430,52.3670584300
4.8738678110,52.3671412700
4.8738108790,52.3672241200
4.8737539460,52.3673069600
4.8736970140,52.3673898000
4.8736400810,52.3674726500
4.8735831480,52.3675554900
4.8735262140,52.3676383300
4.8734692810,52.3677211800
4.8734123470,52.3678040200
4.8733554130,52.3678868600
4.8732984790,52.3679697000
4.8732415450,52.3680525500
4.8731846100,52.3681353900
4.8731276760,52.3682182300
4.8730707410,52.3683010800
4.8730138050,52.3683839200
4.8729568700,52.3684667600
4.8728999340,52.3685496000
4.8728429990,52.3686324500
4.8727860620,52.3687152900
4.8727291260,52.3687981300
4.8726721900,52.3688809800
4.8726152530,52.3689638200
4.8725583160,52.3690466600
4.8725013790,52.3691295000
4.8724439970,52.3692122300
4.8723856220,52.3692947000
4.8723272480,52.3693771600
4.8722688730,52.3694596300
4.8722104980,52.3695421000
4.8721521220,52.3696245600
4.8720937470,52.3697070300
4.8720503580,52.3697924800
4.8720183360,52.3698801900
4.8719863140,52.3699679000
4.8719542930,52.3700556100
4.8719222710,52.3701433300
4.8719119780,52.3702329500
4.8719023170,52.3703226300
4.8718926550,52.3704123100
4.8718829930,52.3705019900
4.8718878730,52.3705914300
4.8719055670,52.3706806500
4.8719232620,52.3707698700
4.8719409560,52.3708590900
4.8719647240,52.3709477400
4.8719916970,52.3710360800
4.8720186690,52.3711244300
4.8720529840,52.3712114600
4.8721079490,52.3712948000
4.8721629140,52.3713781400
4.8722178800,52.3714614800
4.8722728460,52.3715448200
4.8723278770,52.3716281500
4.8723834570,52.3717113300
4.8724390370,52.3717945200
4.8724946170,52.3718777100
4.8725501970,52.3719609000
4.8726057780,52.3720440900
4.8726613590,52.3721272700
4.8727169400,52.3722104600
4.8727725210,52.3722936500
4.8728281020,52.3723768400
4.8728836840,52.3724600200
4.8729392650,52.3725432100
4.8729537780,52.3726306900
4.8729464410,52.3727204500
4.8729391040,52.3728102200
4.8775081570,52.3667595700
4.8773760380,52.3667203700
4.8772439190,52.3666811700
4.8771118000,52.3666419700
4.8769796810,52.3666027700
4.8768475630,52.3665635700
4.8767154450,52.3665243700
4.8765833270,52.3664851600
4.8764512090,52.3664459600
4.8763190910,52.3664067600
4.8761869740,52.3663675600
4.8760548570,52.3663283600
4.8759227400,52.3662891500
4.8757906240,52.3662499500
4.8756585070,52.3662107500
4.8755263910,52.3661715500
4.8753942750,52.3661323400
4.8752621600,52.3660931400
4.8751300440,52.3660539400
4.8749979290,52.3660147300
4.8748658140,52.3659755300
4.8747336990,52.3659363300
4.8755976510,52.3700284000
4.8757340980,52.3700616000
4.8758705450,52.3700948000
4.8760069930,52.3701280000
4.8761432100,52.3701615500
4.8762792890,52.3701953100
4.8764153680,52.3702290700
4.8765514480,52.3702628300
4.8766851990,52.3702998600
4.8768181960,52.3703379500
4.8769511920,52.3703760400
4.8770841890,52.3704141200
4.8754836390,52.3700197200
4.8754327670,52.3701040300
4.8753818960,52.3701883400
4.8753310240,52.3702726500
4.8752801520,52.3703569600
4.8752292800,52.3704412600
4.8751784080,52.3705255700
4.8751275350,52.3706098800
4.8750766620,52.3706941900
4.8750257900,52.3707785000
4.8749749160,52.3708628100
4.8749240430,52.3709471100
4.8748867700,52.3710340100
4.8748507440,52.3711211300
4.8748147180,52.3712082600
4.8747786930,52.3712953900
4.8747426660,52.3713825200
4.8747066400,52.3714696500
4.8746706140,52.3715567700
4.8746345870,52.3716439000
4.8745985610,52.3717310300
4.8745614300,52.3718179800
4.8745240390,52.3719049000
4.8744866470,52.3719918100
4.8744815180,52.3720803100
4.8744956530,52.3721697700
4.8745097880,52.3722592300
4.8745473440,52.3723451600
4.8746025720,52.3724284400
4.8746578010,52.3725117100
4.8747373300,52.3725857000
4.8748353520,52.3726526200
4.8749333740,52.3727195400
4.8750184460,52.3727927300
4.8751023230,52.3728665000
4.8751861990,52.3729402700
4.8752700760,52.3730140400
4.8753539520,52.3730878100
4.8754101730,52.3731692100
4.8754448630,52.3732565400
4.8775237490,52.3668047000
4.8774930520,52.3668925900
4.8774623540,52.3669804800
4.8774316560,52.3670683700
4.8774009580,52.3671562500
4.8773702600,52.3672441400
4.8773546760,52.3673333900
4.8773427590,52.3674229700
4.8773308410,52.3675125500
4.8773189230,52.3676021300
4.8773070060,52.3676917100
4.8772661330,52.3677772200
4.8772130340,52.3678610100
4.8771599350,52.3679448000
4.8771068350,52.3680285900
4.8770537350,52.3681123800
4.8770006350,52.3681961700
4.8769475350,52.3682799700
4.8768909530,52.3683628700
4.8768310140,52.3684449100
4.8767710740,52.3685269600
4.8767111340,52.3686090000
4.8766449930,52.3686888700
4.8765595470,52.3687619600
4.8764741000,52.3688350500
4.8763886520,52.3689081400
4.8763032050,52.3689812200
4.8762177570,52.3690543100
4.8761323090,52.3691274000
4.8760539320,52.3692030100
4.8759919870,52.3692845000
4.8759300420,52.3693659900
4.8758680970,52.3694474700
4.8758061520,52.3695289600
4.8757442060,52.3696104400
4.8756887000,52.3696936000
4.8756358590,52.3697774500
4.8755830190,52.3698613100
4.8755301780,52.3699451600
4.8754661620,52.3733351700
4.8754697020,52.3734250200
4.8754732420,52.3735148700
4.8754767830,52.3736047100
4.8754803230,52.3736945600
4.8767390980,52.3736727300
4.8765939050,52.3736861700
4.8764487130,52.3736996100
4.8763035200,52.3737130500
4.8761583270,52.3737264900
4.8760130660,52.3737396300
4.8758673140,52.3737505700
4.8757215580,52.3737609100
4.8755756940,52.3737505400
4.8754840560,52.3737761900
4.8754890300,52.3738660200
4.8755024540,52.3739554100
4.8755217380,52.3740445100
4.8755410220,52.3741336000
4.8755603060,52.3742227000
4.8756000060,52.3743091700
4.8756408950,52.3743954900
4.8756817830,52.3744818100
4.8757226720,52.3745681300
4.8757635610,52.3746544600
4.8758044500,52.3747407800
4.8758453390,52.3748271000
4.8758947000,52.3749116700
4.8759472700,52.3749955900
4.8759998390,52.3750795100
4.8760524090,52.3751634300
4.8768521830,52.3737805500
4.8768075580,52.3736949300
4.8767710890,52.3736079400
4.8767384240,52.3735203200
4.8767057580,52.3734327000
4.8766730930,52.3733450700
4.8766404280,52.3732574500
4.8766077630,52.3731698300
4.8765750980,52.3730822000
4.8765424330,52.3729945800
4.8765097680,52.3729069600
4.8764771040,52.3728193300
4.8764444390,52.3727317100
4.8764117750,52.3726440900
4.8763791110,52.3725564600
4.8763484220,52.3724685900
4.8763207520,52.3723803200
4.8762930830,52.3722920600
4.8762654130,52.3722037900
4.8762377430,52.3721155300
4.8762100740,52.3720272600
4.8761998960,52.3719382600
4.8762102490,52.3718489000
4.8762679690,52.3717662600
4.8763256880,52.3716836200
4.8763834070,52.3716009800
4.8764411250,52.3715183400
4.8764988440,52.3714357000
4.8765565620,52.3713530600
4.8766142800,52.3712704200
4.8766719980,52.3711877800
4.8767297150,52.3711051400
4.8767874330,52.3710225000
4.8768451500,52.3709398600
4.8769028670,52.3708572200
4.8769605840,52.3707745800
4.8770183000,52.3706919300
4.8770760170,52.3706092900
4.8771337330,52.3705266500
4.8768905710,52.3738520400
4.8770350020,52.3738682700
4.8771794320,52.3738845000
4.8773169340,52.3739158400
4.8774540760,52.3739479700
4.8775912190,52.3739801000
4.8777283610,52.3740122200
4.8778655040,52.3740443500
4.8780026470,52.3740764800
4.8781397900,52.3741086000
4.8782769340,52.3741407300
4.8784140780,52.3741728600
4.8785512210,52.3742049800
4.8786883650,52.3742371100
4.8788255100,52.3742692400
4.8789626540,52.3743013600
4.8790997990,52.3743334900
4.8792372780,52.3743650700
4.8793752240,52.3743958800
4.8795134490,52.3744262200
4.8796516730,52.3744565700
4.8797898980,52.3744869100
4.8799281230,52.3745172500
4.8800663480,52.3745475900
4.8802045730,52.3745779400
4.8803427990,52.3746082800
4.8804810250,52.3746386200
4.8806192510,52.3746689600
4.8807574770,52.3746993000
4.8808957030,52.3747296500
4.8810339290,52.3747599900
4.8811715170,52.3747913900
4.8813087720,52.3748233400
4.8814460260,52.3748552900
4.8815832810,52.3748872400
4.8817205360,52.3749191900
4.8818577910,52.3749511500
4.8819950470,52.3749831000
4.8821323020,52.3750150500
4.8822695580,52.3750470000
4.8824068140,52.3750789500
4.8825440700,52.3751109000
4.8826813270,52.3751428500
4.8828185830,52.3751748000
4.8829558400,52.3752067500
4.8830956280,52.3752330600
4.8832337470,52.3752214000
4.8833649000,52.3751809700
4.8834960530,52.3751405500
4.8775767850,52.3751843800
4.8775285140,52.3750995000
4.8774802430,52.3750146200
4.8774319730,52.3749297400
4.8773827840,52.3748450700
4.8773273250,52.3747618500
4.8772718670,52.3746786300
4.8772164080,52.3745954100
4.8771609500,52.3745122000
4.8771085190,52.3744282900
4.8770615050,52.3743431400
4.8770206260,52.3742569500
4.8769889700,52.3741691900
4.8769573150,52.3740814300
4.8769287480,52.3739933000
4.8769040730,52.3739047000
4.8772454070,52.3704591400
4.8773801430,52.3704948600
4.8775148790,52.3705305800
4.8776496160,52.3705663100
4.8777843520,52.3706020300
4.8779190890,52.3706377500
4.8780538260,52.3706734800
4.8781885630,52.3707092000
4.8783233010,52.3707449200
4.8784580380,52.3707806400
4.8785927760,52.3708163700
4.8787275140,52.3708520900
4.8788622530,52.3708878100
4.8789969910,52.3709235300
4.8791317300,52.3709592500
4.8792664690,52.3709949800
4.8794012080,52.3710307000
4.8795359480,52.3710664200
4.8796706870,52.3711021400
4.8798054270,52.3711378600
4.8799401670,52.3711735800
4.8800749070,52.3712093000
4.8802096480,52.3712450200
4.8803443890,52.3712807400
4.8804791300,52.3713164600
4.8806138710,52.3713521800
4.8807486120,52.3713879000
4.8808833540,52.3714236200
4.8810180950,52.3714593400
4.8811528370,52.3714950600
4.8812875800,52.3715307800
4.8814223220,52.3715665000
4.8815570650,52.3716022200
4.8816918080,52.3716379400
4.8818265510,52.3716736600
4.8819612940,52.3717093800
4.8820960380,52.3717451000
4.8822307810,52.3717808100
4.8823655250,52.3718165300
4.8825002700,52.3718522500
4.8826414250,52.3718767800
4.8827830940,52.3719004200
4.8772079050,52.3704203700
4.8772654550,52.3703376800
4.8773230050,52.3702550000
4.8773805550,52.3701723100
4.8774381040,52.3700896300
4.8774956530,52.3700069400
4.8775532020,52.3699242600
4.8776107510,52.3698415800
4.8776683000,52.3697588900
4.8777258480,52.3696762100
4.8777833960,52.3695935200
4.8778409440,52.3695108400
4.8778984920,52.3694281500
4.8779560390,52.3693454700
4.8780135860,52.3692627800
4.8780711330,52.3691801000
4.8781286800,52.3690974200
4.8781862270,52.3690147300
4.8782437730,52.3689320500
4.8783013190,52.3688493600
4.8783588650,52.3687666800
4.8784164110,52.3686839900
4.8784739570,52.3686013100
4.8785315020,52.3685186200
4.8785890470,52.3684359400
4.8786465920,52.3683532500
4.8787041360,52.3682705700
4.8787616810,52.3681878800
4.8788192250,52.3681052000
4.8788767690,52.3680225100
4.8789343130,52.3679398300
4.8789918570,52.3678571400
4.8790494000,52.3677744600
4.8792446290,52.3650408800
4.8792024590,52.3651269700
4.8791602900,52.3652130600
4.8791181200,52.3652991500
4.8790759500,52.3653852400
4.8790337800,52.3654713200
4.8789916090,52.3655574100
4.8789254860,52.3656375600
4.8788578260,52.3657173200
4.8787901650,52.3657970800
4.8787225050,52.3658768400
4.8786548440,52.3659566000
4.8785735110,52.3660307000
4.8784777210,52.3660988200
4.8783819300,52.3661669300
4.8782861390,52.3662350400
4.8781903480,52.3663031500
4.8780945560,52.3663712600
4.8779987650,52.3664393700
4.8779029720,52.3665074800
4.8778071800,52.3665755900
4.8777113870,52.3666437000
4.8776155940,52.3667118100
4.8776893970,52.3752585100
4.8778325060,52.3752383600
4.8779717470,52.3752638900
4.8791957500,52.3677797000
4.8793248600,52.3678225000
4.8794539710,52.3678652900
4.8795830810,52.3679080900
4.8797121920,52.3679508900
4.8798413040,52.3679936800
4.8799704150,52.3680364800
4.8800995270,52.3680792700
4.8802286390,52.3681220700
4.8803577510,52.3681648700
4.8804868630,52.3682076600
4.8806159760,52.3682504600
4.8807450890,52.3682932500
4.8808742020,52.3683360500
4.8810033160,52.3683788400
4.8811324290,52.3684216400
4.8812615430,52.3684644300
4.8813906580,52.3685072200
4.8815197720,52.3685500200
4.8816488870,52.3685928100
4.8817780020,52.3686356100
4.8819071170,52.3686784000
4.8820362320,52.3687211900
4.8821653480,52.3687639900
4.8823022920,52.3687924900
4.8824474510,52.3688060100
4.8790761340,52.3677361600
4.8791354990,52.3676539600
4.8791948640,52.3675717600
4.8792542280,52.3674895600
4.8793135920,52.3674073600
4.8793729560,52.3673251600
4.8794323200,52.3672429500
4.8794916830,52.3671607500
4.8795510460,52.3670785500
4.8796104090,52.3669963500
4.8796697720,52.3669141500
4.8797291350,52.3668319500
4.8797884970,52.3667497500
4.8798976690,52.3666954300
4.8800309250,52.3667044100
4.8801650610,52.3667407500
4.8802941530,52.3667835600
4.8804232450,52.3668263800
4.8805523380,52.3668691900
4.8806814300,52.3669120000
4.8808105230,52.3669548200
4.8809396160,52.3669976300
4.8810687100,52.3670404400
4.8811978030,52.3670832600
4.8813268970,52.3671260700
4.8814559910,52.3671688800
4.8815850860,52.3672117000
4.8817141800,52.3672545100
4.8818432750,52.3672973200
4.8819723700,52.3673401300
4.8821030970,52.3673801000
4.8822475710,52.3673961200
4.8823920450,52.3674121300
4.8806654420,52.3654029900
4.8805380480,52.3653583200
4.8804106540,52.3653136400
4.8802832610,52.3652689700
4.8801558670,52.3652242900
4.8800269290,52.3651814000
4.8798949890,52.3651419800
4.8797630490,52.3651025600
4.8796293820,52.3650657200
4.8794902440,52.3650370400
4.8793511060,52.3650083500
4.8792736840,52.3649547700
4.8792854630,52.3648651800
4.8792972410,52.3647755900
4.8793090200,52.3646860100
4.8793207980,52.3645964200
4.8793325770,52.3645068400
4.8793460130,52.3644175200
4.8794081840,52.3643361000
4.8794703550,52.3642546800
4.8795325250,52.3641732600
4.8795946950,52.3640918500
4.8797029580,52.3640315100
4.8798128890,52.3639719400
4.8799228200,52.3639123700
4.8800418280,52.3638606700
4.8801702770,52.3638171400
4.8802987260,52.3637736200
4.8804271740,52.3637301000
4.8805556230,52.3636865800
4.8806644180,52.3636274500
4.8807658390,52.3635624700
4.8808672600,52.3634974900
4.8809686800,52.3634325000
4.8810696700,52.3633672800
4.8811688660,52.3633010200
4.8812680620,52.3632347600
4.8813672580,52.3631685100
4.8814451810,52.3630941700
4.8814980880,52.3630103400
4.8826802810,52.3661386800
4.8825542260,52.3660926000
4.8824281720,52.3660465200
4.8823021180,52.3660004400
4.8821760640,52.3659543600
4.8820500110,52.3659082800
4.8819239580,52.3658622000
4.8817979050,52.3658161200
4.8816718520,52.3657700400
4.8815458000,52.3657239600
4.8814197470,52.3656778800
4.8812936960,52.3656318000
4.8811676440,52.3655857200
4.8810415930,52.3655396400
4.8809155410,52.3654935600
4.8807894910,52.3654474800
4.8807612550,52.3653876900
4.8808419820,52.3653126200
4.8809265050,52.3652392700
4.8810199230,52.3651699300
4.8811133410,52.3651006000
4.8812067590,52.3650312600
4.8813001760,52.3649619300
4.8813935940,52.3648926000
4.8814870100,52.3648232600
4.8815804270,52.3647539300
4.8816738430,52.3646845900
4.8825863620,52.3688099400
4.8825793680,52.3687201700
4.8825723740,52.3686304000
4.8825653800,52.3685406200
4.8825583860,52.3684508500
4.8825513920,52.3683610800
4.8825443980,52.3682713000
4.8825374040,52.3681815300
4.8825304100,52.3680917600
4.8825234160,52.3680019900
4.8825164220,52.3679122100
4.8825094290,52.3678224400
4.8825024350,52.3677326700
4.8824954410,52.3676428900
4.8824869130,52.3675531800
4.8824762430,52.3674635400
4.8824672660,52.3673738400
4.8824598260,52.3672840800
4.8824523860,52.3671943200
4.8824449460,52.3671045600
4.8824375060,52.3670148000
4.8824300660,52.3669250400
4.8824226260,52.3668352800
4.8824151860,52.3667455200
4.8824624900,52.3666622100
4.8825238330,52.3665805600
4.8825851750,52.3664989000
4.8826465170,52.3664172500
4.8827015150,52.3663339900
4.8827562850,52.3662506500
4.8828817280,52.3719000800
4.8828746610,52.3718103100
4.8828675940,52.3717205400
4.8828605280,52.3716307700
4.8828534610,52.3715410000
4.8828463950,52.3714512300
4.8828393280,52.3713614500
4.8828322620,52.3712716800
4.8828251950,52.3711819100
4.8828181290,52.3710921400
4.8828110630,52.3710023700
4.8828039960,52.3709126000
4.8827969300,52.3708228300
4.8827898640,52.3707330600
4.8827827970,52.3706432900
4.8827757310,52.3705535200
4.8827686650,52.3704637500
4.8827603670,52.3703740200
4.8827506390,52.3702843400
4.8827409100,52.3701946600
4.8827311820,52.3701049900
4.8827214540,52.3700153100
4.8827117250,52.3699256300
4.8827019970,52.3698359500
4.8826922690,52.3697462800
4.8826825410,52.3696566000
4.8826728120,52.3695669200
4.8826630840,52.3694772400
4.8826533560,52.3693875600
4.8826436280,52.3692978900
4.8826339000,52.3692082100
4.8826241720,52.3691185300
4.8826144440,52.3690288500
4.8826047160,52.3689391800
4.8825918420,52.3688496600
4.8847677400,52.3668699200
4.8846402210,52.3668253700
4.8845127020,52.3667808300
4.8843851840,52.3667362800
4.8842576660,52.3666917300
4.8841301480,52.3666471900
4.8840026310,52.3666026400
4.8838751140,52.3665581000
4.8837475970,52.3665135500
4.8836200800,52.3664690000
4.8834925630,52.3664244600
4.8833650470,52.3663799100
4.8832375310,52.3663353600
4.8831100150,52.3662908100
4.8829825000,52.3662462700
4.8828549850,52.3662017200
4.8828429970,52.3661359400
4.8829415800,52.3660693400
4.8830401630,52.3660027400
4.8831387450,52.3659361300
4.8832373270,52.3658695300
4.8833359090,52.3658029300
4.8834344910,52.3657363300
4.8835330720,52.3656697300
4.8836316530,52.3656031300
4.8837302330,52.3655365200
4.8838288140,52.3654699200
4.8839273940,52.3654033200
4.8840259730,52.3653367200
4.8841245530,52.3652701200
4.8842231320,52.3652035100
4.8843217110,52.3651369100
4.8844202890,52.3650703100
4.8845189400,52.3650037500
4.8846176670,52.3649372300
4.8847163940,52.3648707100
4.8848151200,52.3648041900
4.8849138460,52.3647376700
4.8850125720,52.3646711500
4.8851112980,52.3646046300
4.8852100230,52.3645381100
4.8853087490,52.3644715900
4.8854074730,52.3644050600
4.8855061980,52.3643385400
4.8856049220,52.3642720200
4.8857036460,52.3642055000
4.8858023690,52.3641389800
4.8859010930,52.3640724600
4.8859998160,52.3640059400
4.8860985390,52.3639394200
4.8861972610,52.3638729000
4.8862959830,52.3638063800
4.8863947050,52.3637398600
4.8864934260,52.3636733300
4.8865921480,52.3636068100
4.8866908690,52.3635402900
4.8867895890,52.3634737700
4.8868883100,52.3634072500
4.8869870300,52.3633407300
4.8870857490,52.3632742000
4.8871844690,52.3632076800
4.8872831880,52.3631411600
4.8873819070,52.3630746400
4.8834601930,52.3750979600
4.8833912890,52.3750186100
4.8833245910,52.3749385400
4.8832578940,52.3748584700
4.8831911970,52.3747784000
4.8831418440,52.3746952800
4.8831290340,52.3746057500
4.8831162240,52.3745162200
4.8831034130,52.3744266900
4.8830906030,52.3743371500
4.8830777930,52.3742476200
4.8830649830,52.3741580900
4.8830521730,52.3740685600
4.8830393630,52.3739790200
4.8830306070,52.3738893300
4.8830238970,52.3737995500
4.8830171860,52.3737097600
4.8830104750,52.3736199800
4.8830037650,52.3735302000
4.8829970550,52.3734404200
4.8829903440,52.3733506400
4.8829836340,52.3732608600
4.8829769230,52.3731710800
4.8829702130,52.3730813000
4.8829635030,52.3729915200
4.8829567920,52.3729017400
4.8829500820,52.3728119500
4.8829433720,52.3727221700
4.8829366610,52.3726323900
4.8829299510,52.3725426100
4.8829232410,52.3724528300
4.8829165200,52.3723630500
4.8829097850,52.3722732700
4.8829030510,52.3721834900
4.8828963160,52.3720937100
4.8828895810,52.3720039300
4.8836484580,52.3752967100
4.8835743020,52.3752191300
4.8835001470,52.3751415600
4.8858827520,52.3754013600
4.8867703420,52.3676099900
4.8866555400,52.3675539600
4.8865407370,52.3674979400
4.8864188170,52.3674483300
4.8862913900,52.3674036800
4.8861639630,52.3673590300
4.8860365370,52.3673143900
4.8859091110,52.3672697400
4.8857816850,52.3672251000
4.8856542600,52.3671804500
4.8855268350,52.3671358000
4.8853994100,52.3670911600
4.8852719850,52.3670465100
4.8851445610,52.3670018600
4.8850171360,52.3669572100
4.8848897120,52.3669125700
4.8847991670,52.3669533900
4.8847243790,52.3670307300
4.8846495900,52.3671080700
4.8846020100,52.3671930100
4.8845556160,52.3672782800
4.8845092210,52.3673635500
4.8844831560,52.3674514000
4.8844702780,52.3675409300
4.8844576710,52.3676304600
4.8844656330,52.3677202100
4.8844735960,52.3678099500
4.8844815580,52.3678996900
4.8844895210,52.3679894400
4.8844974840,52.3680791800
4.8845054460,52.3681689200
4.8845134090,52.3682586600
4.8845213720,52.3683484100
4.8845293350,52.3684381500
4.8845372970,52.3685278900
4.8845452600,52.3686176400
4.8845532230,52.3687073800
4.8845611860,52.3687971200
4.8845691490,52.3688868600
4.8845771120,52.3689766100
4.8845850750,52.3690663500
4.8845930380,52.3691560900
4.8846010010,52.3692458300
4.8846089640,52.3693355800
4.8846169270,52.3694253200
4.8846248900,52.3695150600
4.8846328540,52.3696048100
4.8846408170,52.3696945500
4.8846487800,52.3697842900
4.8846567430,52.3698740300
4.8846647070,52.3699637800
4.8846726700,52.3700535200
4.8846806340,52.3701432600
4.8846885970,52.3702330100
4.8846965600,52.3703227500
4.8847045240,52.3704124900
4.8847124870,52.3705022300
4.8847204510,52.3705919800
4.8847284140,52.3706817200
4.8847363780,52.3707714600
4.8847443420,52.3708612000
4.8847523050,52.3709509500
4.8847602690,52.3710406900
4.8847682330,52.3711304300
4.8847761970,52.3712201800
4.8847841600,52.3713099200
4.8847921240,52.3713996600
4.8848000880,52.3714894000
4.8848080520,52.3715791500
4.8848160160,52.3716688900
4.8848239800,52.3717586300
4.8848319440,52.3718483700
4.8848399080,52.3719381200
4.8848478720,52.3720278600
4.8848558360,52.3721176000
4.8848638000,52.3722073400
4.8848717640,52.3722970900
4.8848797280,52.3723868300
4.8848876930,52.3724765700
4.8848956570,52.3725663200
4.8849036210,52.3726560600
4.8849115850,52.3727458000
4.8849195500,52.3728355400
4.8849275140,52.3729252900
4.8849354780,52.3730150300
4.8849434430,52.3731047700
4.8849514070,52.3731945100
4.8849593720,52.3732842600
4.8849673360,52.3733740000
4.8849753010,52.3734637400
4.8849832650,52.3735534900
4.8849912300,52.3736432300
4.8849991950,52.3737329700
4.8850071590,52.3738227100
4.8850151240,52.3739124600
4.8850230890,52.3740022000
4.8850310540,52.3740919400
4.8850390180,52.3741816800
4.8850469830,52.3742714300
4.8850549480,52.3743611700
4.8851063160,52.3744434900
4.8851755150,52.3745227600
4.8852447140,52.3746020300
4.8853139130,52.3746813000
4.8853831120,52.3747605700
4.8854523120,52.3748398400
4.8855215110,52.3749191100
4.8855907110,52.3749983800
4.8856599120,52.3750776500
4.8857291120,52.3751569200
4.8857983130,52.3752361900
4.8858675140,52.3753154600
4.8895286560,52.3642554900
4.8894005700,52.3642994100
4.8892783860,52.3643482600
4.8891714890,52.3644098700
4.8890645910,52.3644714700
4.8889576920,52.3645330800
4.8888507930,52.3645946800
4.8887438940,52.3646562900
4.8886369950,52.3647178900
4.8885300950,52.3647795000
4.8884231950,52.3648411000
4.8883162950,52.3649027000
4.8882093950,52.3649643100
4.8881024940,52.3650259100
4.8879955930,52.3650875200
4.8878886910,52.3651491200
4.8877817900,52.3652107200
4.8876748880,52.3652723300
4.8875679850,52.3653339300
4.8874610830,52.3653955300
4.8873541800,52.3654571400
4.8872472770,52.3655187400
4.8871403730,52.3655803400
4.8870334700,52.3656419500
4.8869265650,52.3657035500
4.8868196610,52.3657651500
4.8867127560,52.3658267500
4.8866058510,52.3658883600
4.8864989460,52.3659499600
4.8863920410,52.3660115600
4.8862851350,52.3660731600
4.8861782290,52.3661347700
4.8860713220,52.3661963700
4.8859644150,52.3662579700
4.8858575080,52.3663195700
4.8857506010,52.3663811700
4.8856436930,52.3664427800
4.8855367850,52.3665043800
4.8854298770,52.3665659800
4.8853229690,52.3666275800
4.8852160600,52.3666891800
4.8851091510,52.3667507800
4.8850022410,52.3668123800
4.8848953320,52.3668739800
4.8860316490,52.3753530400
4.8861623090,52.3753120100
4.8862929690,52.3752709900
4.8864224340,52.3752285800
4.8865514940,52.3751857100
4.8866805530,52.3751428300
4.8868096120,52.3750999500
4.8869386710,52.3750570700
4.8870677290,52.3750141900
4.8871967880,52.3749713100
4.8873258460,52.3749284300
4.8874549030,52.3748855600
4.8875839610,52.3748426800
4.8877130180,52.3747998000
4.8878420750,52.3747569200
4.8868198310,52.3681004700
4.8869561870,52.3681329300
4.8870894480,52.3681706400
4.8872205110,52.3682111500
4.8873497630,52.3682536300
4.8874742500,52.3683012800
4.8875987370,52.3683489400
4.8877232250,52.3683965900
4.8878477130,52.3684442500
4.8879722020,52.3684919000
4.8878484640,52.3746986700
4.8877794020,52.3746193600
4.8877103410,52.3745400400
4.8876412790,52.3744607200
4.8875722180,52.3743814100
4.8875031570,52.3743020900
4.8874340960,52.3742227800
4.8873650360,52.3741434600
4.8872959760,52.3740641500
4.8872442910,52.3739818600
4.8872362910,52.3738921200
4.8872282900,52.3738023800
4.8872202900,52.3737126400
4.8872122900,52.3736229000
4.8872042900,52.3735331600
4.8871962900,52.3734434100
4.8871882900,52.3733536700
4.8871802900,52.3732639300
4.8871722900,52.3731741900
4.8871642900,52.3730844500
4.8871562900,52.3729947100
4.8871482900,52.3729049700
4.8871402900,52.3728152200
4.8871322900,52.3727254800
4.8871242910,52.3726357400
4.8871162910,52.3725460000
4.8871082910,52.3724562600
4.8871002910,52.3723665200
4.8870922920,52.3722767800
4.8870842920,52.3721870300
4.8870762930,52.3720972900
4.8870682930,52.3720075500
4.8870602930,52.3719178100
4.8870522940,52.3718280700
4.8870442940,52.3717383300
4.8870362950,52.3716485800
4.8870282960,52.3715588400
4.8870202960,52.3714691000
4.8870122970,52.3713793600
4.8870042980,52.3712896200
4.8869962980,52.3711998800
4.8869882990,52.3711101400
4.8869803000,52.3710203900
4.8869723010,52.3709306500
4.8869643010,52.3708409100
4.8869563020,52.3707511700
4.8869483030,52.3706614300
4.8869403040,52.3705716900
4.8869323050,52.3704819400
4.8869243060,52.3703922000
4.8869163070,52.3703024600
4.8869083080,52.3702127200
4.8869003090,52.3701229800
4.8868923100,52.3700332400
4.8868843120,52.3699435000
4.8868763130,52.3698537500
4.8868683140,52.3697640100
4.8868603150,52.3696742700
4.8868523160,52.3695845300
4.8868443180,52.3694947900
4.8868363190,52.3694050500
4.8868283210,52.3693153000
4.8868203220,52.3692255600
4.8868123230,52.3691358200
4.8868043250,52.3690460800
4.8867963260,52.3689563400
4.8867883280,52.3688666000
4.8867803290,52.3687768500
4.8867723310,52.3686871100
4.8867643330,52.3685973700
4.8867563340,52.3685076300
4.8867483360,52.3684178900
4.8867403380,52.3683281500
4.8867323400,52.3682384000
4.8867243410,52.3681486600
4.8867175570,52.3680588900
4.8867137360,52.3679690500
4.8867099160,52.3678792000
4.8867060950,52.3677893600
4.8867379210,52.3677026400
4.8867828570,52.3676170800
4.8868310760,52.3675891400
4.8869386960,52.3675280100
4.8870463170,52.3674668700
4.8871539370,52.3674057300
4.8872615570,52.3673446000
4.8873691770,52.3672834600
4.8874767960,52.3672223200
4.8875844150,52.3671611900
4.8876920340,52.3671000500
4.8877996520,52.3670389100
4.8879072700,52.3669777700
4.8880148880,52.3669166400
4.8881225060,52.3668555000
4.8882301230,52.3667943600
4.8883377400,52.3667332200
4.8884453560,52.3666720900
4.8885528200,52.3666108500
4.8886602740,52.3665496000
4.8887677280,52.3664883600
4.8888751810,52.3664271100
4.8889826340,52.3663658700
4.8890900860,52.3663046200
4.8891975390,52.3662433800
4.8893049910,52.3661821300
4.8894124430,52.3661208900
4.8895198940,52.3660596400
4.8885121710,52.3754147900
4.8884395030,52.3753366900
4.8883668350,52.3752585900
4.8882941670,52.3751804900
4.8882214990,52.3751023900
4.8881488320,52.3750242900
4.8880761650,52.3749461900
4.8880034990,52.3748680900
4.8879308320,52.3747899900
4.8879990480,52.3685433100
4.8879235000,52.3686203700
4.8878670580,52.3687015600
4.8878469950,52.3687905900
4.8878433760,52.3688796900
4.8878615180,52.3689688800
4.8878796590,52.3690580600
4.8878978010,52.3691472500
4.8879159420,52.3692364400
4.8879340840,52.3693256200
4.8879522260,52.3694148100
4.8879703680,52.3695040000
4.8879885100,52.3695931800
4.8880066520,52.3696823700
4.8880247940,52.3697715500
4.8880429360,52.3698607400
4.8880610780,52.3699499300
4.8880792200,52.3700391100
4.8880963180,52.3701283700
4.8881087080,52.3702179200
4.8881252630,52.3703071800
4.8881469840,52.3703960600
4.8881687050,52.3704849500
4.8881904260,52.3705738400
4.8882121470,52.3706627200
4.8882338680,52.3707516100
4.8882555890,52.3708404900
4.8882773110,52.3709293800
4.8882990320,52.3710182700
4.8883207540,52.3711071500
4.8883424750,52.3711960400
4.8883641970,52.3712849300
4.8883859190,52.3713738100
4.8884076400,52.3714627000
4.8884293620,52.3715515800
4.8884510840,52.3716404700
4.8884728060,52.3717293600
4.8884945290,52.3718182400
4.8885162510,52.3719071300
4.8885379730,52.3719960200
4.8885596960,52.3720849000
4.8885814180,52.3721737900
4.8886031410,52.3722626700
4.8886248640,52.3723515600
4.8886465860,52.3724404500
4.8886683090,52.3725293300
4.8886900320,52.3726182200
4.8887117550,52.3727071000
4.8887334780,52.3727959900
4.8887552020,52.3728848800
4.8887769250,52.3729737600
4.8887986480,52.3730626500
4.8888203720,52.3731515300
4.8888420950,52.3732404200
4.8888728830,52.3733282400
4.8889066490,52.3734157000
4.8889404160,52.3735031700
4.8889741820,52.3735906400
4.8890079480,52.3736781000
4.8890417150,52.3737655700
4.8890754810,52.3738530400
4.8891092480,52.3739405000
4.8891430150,52.3740279700
4.8891767820,52.3741154400
4.8892105490,52.3742029000
4.8892443170,52.3742903700
4.8892780840,52.3743778400
4.8893228960,52.3744626800
4.8893943930,52.3745411800
4.8894943950,52.3674364600
4.8893864750,52.3674974000
4.8892853150,52.3675622100
4.8891929790,52.3676320900
4.8891006420,52.3677019700
4.8890083050,52.3677718400
4.8889159670,52.3678417200
4.8888236290,52.3679116000
4.8887312910,52.3679814700
4.8886389530,52.3680513500
4.8885466140,52.3681212300
4.8884542750,52.3681911000
4.8883619360,52.3682609800
4.8882695970,52.3683308600
4.8881772570,52.3684007300
4.8880849170,52.3684706100
